common_name,scientific_name,n_records,n_complete,has_data,rank
House Finch,Haemorhous mexicanus,3119053,2953715,0,1
Black Phoebe,Sayornis nigricans,2766858,2630395,0,2
Anna's Hummingbird,Calypte anna,2658580,2510972,0,3
American Crow,Corvus brachyrhynchos,2650372,2480528,0,4
Mourning Dove,Zenaida macroura,2193094,2075986,0,5
California Scrub-Jay,Aphelocoma californica,2061503,1940961,0,6
Common Raven,Corvus corax,2069675,1931072,0,7
California Towhee,Melozone crissalis,2017817,1913563,0,8
Lesser Goldfinch,Spinus psaltria,1932262,1834665,0,9
Song Sparrow,Melospiza melodia,1908469,1822729,0,10
White-crowned Sparrow,Zonotrichia leucophrys,1794206,1700089,0,11
Mallard,Anas platyrhynchos,1784517,1699305,0,12
Turkey Vulture,Cathartes aura,1789068,1667967,0,13
Red-tailed Hawk,Buteo jamaicensis,1656973,1544491,0,14
Yellow-rumped Warbler,Setophaga coronata,1472101,1394199,0,15
European Starling,Sturnus vulgaris,1463691,1393443,0,16
Spotted Towhee,Pipilo maculatus,1417161,1345753,0,17
Bushtit,Psaltriparus minimus,1379488,1313910,0,18
Western Gull,Larus occidentalis,1341968,1270919,0,19
Bewick's Wren,Thryomanes bewickii,1336089,1268929,0,20
Northern Mockingbird,Mimus polyglottos,1311951,1237048,0,21
Double-crested Cormorant,Nannopterum auritum,1295944,1234312,0,22
Nuttall's Woodpecker,Dryobates nuttallii,1262147,1208465,0,23
American Robin,Turdus migratorius,1219401,1147311,0,24
Acorn Woodpecker,Melanerpes formicivorus,1151018,1089382,0,25
Great Egret,Ardea alba,1152903,1085898,0,26
Canada Goose,Branta canadensis,1135258,1069356,0,27
Western Bluebird,Sialia mexicana,1125111,1062908,0,28
Oak Titmouse,Baeolophus inornatus,1105639,1052780,0,29
Ruby-crowned Kinglet,Corthylio calendula,1082328,1037993,0,30
American Coot,Fulica americana,1075730,1025231,0,31
Dark-eyed Junco,Junco hyemalis,1030200,960599,0,32
Great Blue Heron,Ardea herodias,992828,938823,0,33
Red-winged Blackbird,Agelaius phoeniceus,976456,929242,0,34
Snowy Egret,Egretta thula,969862,916582,0,35
Eurasian Collared-Dove,Streptopelia decaocto,956231,897037,0,36
Killdeer,Charadrius vociferus,906846,864401,0,37
California Gull,Larus californicus,899300,857795,0,38
House Sparrow,Passer domesticus,902273,841446,0,39
Northern Flicker,Colaptes auratus,883499,836616,0,40
Red-shouldered Hawk,Buteo lineatus,884036,827505,0,41
Golden-crowned Sparrow,Zonotrichia atricapilla,850393,812670,0,42
Orange-crowned Warbler,Leiothlypis celata,839024,796115,0,43
Chestnut-backed Chickadee,Poecile rufescens,843878,791980,0,44
Allen's Hummingbird,Selasphorus sasin,831915,785764,0,45
Pied-billed Grebe,Podilymbus podiceps,783644,753508,0,46
Common Yellowthroat,Geothlypis trichas,774225,747766,0,47
Brewer's Blackbird,Euphagus cyanocephalus,767992,717577,0,48
Wrentit,Chamaea fasciata,733860,697596,1,49
California Quail,Callipepla californica,717297,670300,0,50
American Kestrel,Falco sparverius,706543,654596,0,51
Say's Phoebe,Sayornis saya,680944,644938,0,52
Brown Pelican,Pelecanus occidentalis,678194,632114,0,53
Steller's Jay,Cyanocitta stelleri,672081,622811,0,54
Ruddy Duck,Oxyura jamaicensis,641373,613874,0,55
White-breasted Nuthatch,Sitta carolinensis,608984,582312,0,56
Northern House Wren,Troglodytes aedon,601583,578888,0,57
Bufflehead,Bucephala albeola,586583,557190,0,58
Barn Swallow,Hirundo rustica,584256,552827,0,59
Tree Swallow,Tachycineta bicolor,570698,547124,0,60
Cooper's Hawk,Astur cooperii,572179,529116,0,61
Western Meadowlark,Sturnella neglecta,555807,524661,0,62
Ring-billed Gull,Larus delawarensis,532342,507537,0,63
Cassin's Kingbird,Tyrannus vociferans,516579,489034,0,64
Northern Shoveler,Spatula clypeata,512266,487249,0,65
American Wigeon,Mareca americana,506808,482342,0,66
Hermit Thrush,Catharus guttatus,501532,474426,0,67
Savannah Sparrow,Passerculus sandwichensis,486923,467446,0,68
Gadwall,Mareca strepera,475419,457191,0,69
American Goldfinch,Spinus tristis,471583,448946,0,70
Belted Kingfisher,Megaceryle alcyon,455214,431489,0,71
Townsend's Warbler,Setophaga townsendi,453313,426303,0,72
Band-tailed Pigeon,Patagioenas fasciata,457867,422485,0,73
Black-crowned Night Heron,Nycticorax nycticorax,448071,422403,0,74
Greater Yellowlegs,Tringa melanoleuca,438498,417395,0,75
Cliff Swallow,Petrochelidon pyrrhonota,439810,416526,0,76
Downy Woodpecker,Dryobates pubescens,434312,414412,0,77
Cedar Waxwing,Bombycilla cedrorum,442353,412703,0,78
Least Sandpiper,Calidris minutilla,430235,409915,0,79
Northern Harrier,Circus hudsonius,431148,403603,0,80
Brown-headed Cowbird,Molothrus ater,419566,399398,0,81
Wilson's Warbler,Cardellina pusilla,420331,395097,0,82
Black-necked Stilt,Himantopus mexicanus,410013,385041,0,83
Black-headed Grosbeak,Pheucticus melanocephalus,408541,383561,0,84
Western Grebe,Aechmophorus occidentalis,401144,379983,0,85
Northern Yellow Warbler,Setophaga aestiva,398048,378390,0,86
Brandt's Cormorant,Urile penicillatus,388773,370797,0,87
Willet,Tringa semipalmata,388383,364548,0,88
California Thrasher,Toxostoma redivivum,378177,358829,0,89
Hooded Oriole,Icterus cucullatus,390337,358673,0,90
Osprey,Pandion haliaetus,389539,354505,0,91
Violet-green Swallow,Tachycineta thalassina,374058,354403,0,92
Marsh Wren,Cistothorus palustris,359625,346851,0,93
Eared Grebe,Podiceps nigricollis,355176,338974,0,94
American White Pelican,Pelecanus erythrorhynchos,351876,325240,0,95
Northern Rough-winged Swallow,Stelgidopteryx serripennis,337422,322833,0,96
Marbled Godwit,Limosa fedoa,338917,318706,0,97
Hutton's Vireo,Vireo huttoni,328920,310502,0,98
Cinnamon Teal,Spatula cyanoptera,321586,306850,0,99
Green-winged Teal,Anas crecca,312003,297949,0,100
Western Tanager,Piranga ludoviciana,319608,297816,0,101
Heermann's Gull,Larus heermanni,314562,296885,0,102
Great-tailed Grackle,Quiscalus mexicanus,316181,293633,0,103
American Avocet,Recurvirostra americana,309185,290224,0,104
American Pipit,Anthus rubescens,302532,289267,0,105
Lincoln's Sparrow,Melospiza lincolnii,300095,287726,0,106
Long-billed Curlew,Numenius americanus,303676,283971,0,107
Blue-gray Gnatcatcher,Polioptila caerulea,295016,282313,0,108
Hairy Woodpecker,Leuconotopicus villosus,300363,281048,0,109
Surf Scoter,Melanitta perspicillata,298567,280878,0,110
Caspian Tern,Hydroprogne caspia,296042,277189,0,111
Spotted Sandpiper,Actitis macularius,287770,274307,0,112
Pygmy Nuthatch,Sitta pygmaea,287125,270508,0,113
Western Warbling Vireo,Vireo swainsoni,280304,265960,0,114
Ash-throated Flycatcher,Myiarchus cinerascens,277961,264289,0,115
Hudsonian Whimbrel,Numenius hudsonicus,279313,261908,0,116
Western Sandpiper,Calidris mauri,267283,252811,0,117
White-tailed Kite,Elanus leucurus,273847,250320,0,118
Purple Finch,Haemorhous purpureus,262958,245724,0,119
Western Kingbird,Tyrannus verticalis,263564,245271,0,120
Mountain Chickadee,Poecile gambeli,261799,243570,0,121
Red-breasted Nuthatch,Sitta canadensis,264101,241829,0,122
Brown Creeper,Certhia americana,256493,238941,1,123
Northern Pintail,Anas acuta,249485,236842,0,124
Black-bellied Plover,Pluvialis squatarola,245660,232542,0,125
White-throated Swift,Aeronautes saxatalis,251283,228270,0,126
Western Wood-Pewee,Contopus sordidulus,236912,224658,0,127
Bullock's Oriole,Icterus bullockii,235085,221342,0,128
Forster's Tern,Sterna forsteri,235154,221089,0,129
Green Heron,Butorides virescens,231564,219350,0,130
Ring-necked Duck,Aythya collaris,224492,213835,0,131
Wild Turkey,Meleagris gallopavo,231610,206210,0,132
Common Murre,Uria aalge,201866,196188,0,133
Pine Siskin,Spinus pinus,215122,196000,0,134
Black Oystercatcher,Haematopus bachmani,209755,195418,0,135
Scaly-breasted Munia,Lonchura punctulata,205766,195398,0,136
White-faced Ibis,Plegadis chihi,207950,192726,0,137
Common Goldeneye,Bucephala clangula,200222,190254,0,138
Pelagic Cormorant,Urile pelagicus,200426,190177,0,139
Great Horned Owl,Bubo virginianus,242155,188670,0,140
Lesser Scaup,Aythya affinis,194838,185332,0,141
Long-billed Dowitcher,Limnodromus scolopaceus,192123,182624,0,142
Elegant Tern,Thalasseus elegans,190193,180387,0,143
Peregrine Falcon,Falco peregrinus,198380,178964,0,144
Phainopepla,Phainopepla nitens,187258,174299,0,145
Fox Sparrow,Passerella iliaca,185315,173277,0,146
Clark's Grebe,Aechmophorus clarkii,181098,172694,0,147
Loggerhead Shrike,Lanius ludovicianus,185932,169916,0,148
Lark Sparrow,Chondestes grammacus,175647,166248,0,149
Sooty Shearwater,Ardenna grisea,166445,163827,0,150
Common Loon,Gavia immer,173409,163208,0,151
Glaucous-winged Gull,Larus glaucescens,171609,163127,0,152
American Herring Gull,Larus smithsonianus,168734,160818,0,153
Common Merganser,Mergus merganser,169858,159726,0,154
Black Turnstone,Arenaria melanocephala,157770,148849,0,155
Bald Eagle,Haliaeetus leucocephalus,169434,145745,0,156
Black-throated Gray Warbler,Setophaga nigrescens,151725,142933,0,157
Semipalmated Plover,Charadrius semipalmatus,150078,141247,0,158
Chipping Sparrow,Spizella passerina,146559,139302,0,159
Wood Duck,Aix sponsa,146382,138523,0,160
Red-necked Phalarope,Phalaropus lobatus,143538,137409,0,161
Pink-footed Shearwater,Ardenna creatopus,138462,137281,0,162
Lazuli Bunting,Passerina amoena,145825,137261,0,163
Greater White-fronted Goose,Anser albifrons,147950,136460,0,164
Horned Lark,Eremophila alpestris,140016,129754,0,165
Sanderling,Calidris alba,137826,129070,0,166
Red-breasted Sapsucker,Sphyrapicus ruber,139032,128989,0,167
Sora,Porzana carolina,125570,119878,0,168
Dunlin,Calidris alpina,126534,119861,0,169
Costa's Hummingbird,Calypte costae,130311,118628,0,170
Swinhoe's White-eye,Zosterops simplex,125289,116849,0,171
Blue-winged Teal,Spatula discors,121571,115158,0,172
Common Gallinule,Gallinula galeata,120607,114866,0,173
Red-breasted Merganser,Mergus serrator,116904,109781,0,174
Rock Wren,Salpinctes obsoletus,116492,108500,0,175
Royal Tern,Thalasseus maximus,115218,108361,0,176
Swainson's Thrush,Catharus ustulatus,118565,107823,0,177
Horned Grebe,Podiceps auritus,107687,102250,0,178
Snow Goose,Anser caerulescens,111790,101433,0,179
Greater Scaup,Aythya marila,106379,101328,0,180
Rhinoceros Auklet,Cerorhinca monocerata,102119,100978,0,181
Short-billed Gull,Larus brachyrhynchus,105729,100570,0,182
Sharp-shinned Hawk,Accipiter striatus,111210,100141,0,183
Hooded Merganser,Lophodytes cucullatus,106236,99134,0,184
Pacific Loon,Gavia pacifica,102936,98504,0,185
Golden-crowned Kinglet,Regulus satrapa,110645,98324,0,186
Wilson's Snipe,Gallinago delicata,102861,97571,0,187
Canvasback,Aythya valisineria,103751,97462,0,188
Red-throated Loon,Gavia stellata,102455,97321,0,189
Pacific Wren,Troglodytes pacificus,109943,96866,0,190
Verdin,Auriparus flaviceps,102015,95821,0,191
Yellow-billed Magpie,Pica nuttalli,111236,95584,0,192
Black-chinned Hummingbird,Archilochus alexandri,103473,95435,0,193
Virginia Rail,Rallus limicola,94584,90685,0,194
Western Flycatcher,Empidonax difficilis,94289,87364,0,195
Lawrence's Goldfinch,Spinus lawrencei,91103,85328,0,196
Bonaparte's Gull,Chroicocephalus philadelphia,90016,84399,0,197
Merlin,Falco columbarius,92262,82713,0,198
Olive-sided Flycatcher,Contopus cooperi,89678,82531,1,199
Pigeon Guillemot,Cepphus columba,86804,81246,0,200
Swainson's Hawk,Buteo swainsoni,93051,79475,0,201
Rufous-crowned Sparrow,Aimophila ruficeps,83419,79435,0,202
Redhead,Aythya americana,84176,79213,0,203
Cassin's Auklet,Ptychoramphus aleuticus,79401,78671,0,204
Yellow-breasted Chat,Icteria virens,78686,75131,0,205
Vermilion Flycatcher,Pyrocephalus rubinus,80723,74909,0,206
Cassin's Vireo,Vireo cassinii,77164,72952,0,207
Nashville Warbler,Leiothlypis ruficapilla,77538,72611,0,208
Sandhill Crane,Antigone canadensis,77635,69441,0,209
Rufous Hummingbird,Selasphorus rufus,78610,69028,0,210
Snowy Plover,Anarhynchus nivosus,75496,68164,0,211
Black-vented Shearwater,Puffinus opisthomelas,69653,67507,0,212
Golden Eagle,Aquila chrysaetos,77860,66573,0,213
Black-footed Albatross,Phoebastria nigripes,67043,66333,0,214
Red-crowned Amazon,Amazona viridigenalis,72820,66144,0,215
Cackling Goose,Branta hutchinsii,72655,66112,0,216
Hermit Warbler,Setophaga occidentalis,69133,64696,0,217
Greater Roadrunner,Geococcyx californianus,75620,63917,0,218
Egyptian Goose,Alopochen aegyptiaca,67521,63515,0,219
Northern Fulmar,Fulmarus glacialis,64491,63506,0,220
White-headed Woodpecker,Leuconotopicus albolarvatus,69295,62985,0,221
MacGillivray's Warbler,Geothlypis tolmiei,65467,61319,0,222
White-throated Sparrow,Zonotrichia albicollis,66649,60896,0,223
Brant,Branta bernicla,63806,58285,0,224
American Barn Owl,Tyto furcata,80832,57847,0,225
Short-billed Dowitcher,Limnodromus griseus,61009,57553,0,226
Pomarine Jaeger,Stercorarius pomarinus,58210,57455,0,227
Mountain Quail,Oreortyx pictus,62517,57419,0,228
Tricolored Blackbird,Agelaius tricolor,62512,57397,0,229
Cassin's Finch,Haemorhous cassinii,60091,56266,0,230
Vaux's Swift,Chaetura vauxi,59120,53365,0,231
Black Skimmer,Rynchops niger,58712,53269,0,232
Mute Swan,Cygnus olor,56777,53055,0,233
Cactus Wren,Campylorhynchus brunneicapillus,56166,52113,0,234
Green-tailed Towhee,Pipilo chlorurus,55713,51888,0,235
Yellow-headed Blackbird,Xanthocephalus xanthocephalus,56208,51887,0,236
Pileated Woodpecker,Dryocopus pileatus,57761,51413,0,237
Burrowing Owl,Athene cunicularia,60527,51378,0,238
Varied Thrush,Ixoreus naevius,57344,51141,0,239
Black Storm-Petrel,Hydrobates melania,51387,50899,0,240
California Gnatcatcher,Polioptila californica,52876,50240,0,241
Ferruginous Hawk,Buteo regalis,56209,48154,0,242
Mountain Bluebird,Sialia currucoides,52160,46656,0,243
Blue Grosbeak,Passerina caerulea,48595,45694,0,244
Canyon Wren,Catherpes mexicanus,49216,45556,0,245
Black-throated Sparrow,Amphispiza bilineata,49263,44771,0,246
White-winged Dove,Zenaida asiatica,48521,44425,0,247
Sabine's Gull,Xema sabini,44941,44327,0,248
Parasitic Jaeger,Stercorarius parasiticus,44958,43875,0,249
Ashy Storm-Petrel,Hydrobates homochroa,43758,43423,0,250
Surfbird,Calidris virgata,46177,42991,0,251
Lesser Yellowlegs,Tringa flavipes,45541,42413,0,252
Red Phalarope,Phalaropus fulicarius,43318,42318,0,253
Willow Flycatcher,Empidonax traillii,44502,42151,0,254
Least Tern,Sternula antillarum,44448,41246,0,255
Yellow-crowned Night Heron,Nyctanassa violacea,44412,40191,0,256
Red-whiskered Bulbul,Pycnonotus jocosus,43099,39352,0,257
Pin-tailed Whydah,Vidua macroura,42097,39209,0,258
Black-capped Chickadee,Poecile atricapillus,40549,38812,0,259
Gambel's Quail,Callipepla gambelii,42152,38401,0,260
Bell's Vireo,Vireo bellii,40108,38249,0,261
Townsend's Solitaire,Myadestes townsendi,41906,38213,0,262
Clark's Nutcracker,Nucifraga columbiana,42672,38147,0,263
Brewer's Sparrow,Spizella breweri,40685,38086,0,264
Lewis's Woodpecker,Melanerpes lewis,41211,36868,0,265
Ring-necked Pheasant,Phasianus colchicus,39675,36831,0,266
Dusky Flycatcher,Empidonax oberholseri,38240,36362,0,267
Reddish Egret,Egretta rufescens,39228,35775,0,268
Ridgway's Rail,Rallus obsoletus,38421,35678,0,269
Western Cattle-Egret,Ardea ibis,41441,35529,0,270
Ladder-backed Woodpecker,Dryobates scalaris,36766,34626,0,271
Ruddy Turnstone,Arenaria interpres,36747,34397,0,272
Red-masked Parakeet,Psittacara erythrogenys,38648,33947,0,273
Ross's Goose,Anser rossii,36540,33593,0,274
Prairie Falcon,Falco mexicanus,38977,33314,0,275
Buller's Shearwater,Ardenna bulleri,31647,31383,0,276
Wilson's Phalarope,Phalaropus tricolor,33900,31109,0,277
Black-billed Magpie,Pica hudsonia,36470,31060,0,278
Black-tailed Gnatcatcher,Polioptila melanura,32084,30214,0,279
Red Crossbill,Loxia curvirostra,31765,28475,0,280
Tundra Swan,Cygnus columbianus,31818,28331,0,281
Little Blue Heron,Egretta caerulea,29689,27711,0,282
Eurasian Wigeon,Mareca penelope,29877,27438,0,283
Abert's Towhee,Melozone aberti,29026,27335,0,284
Vesper Sparrow,Pooecetes gramineus,29018,27331,0,285
American Bittern,Botaurus lentiginosus,28332,26280,0,286
Bell's Sparrow,Artemisiospiza belli,27913,26200,0,287
Wandering Tattler,Tringa incana,27626,25622,0,288
Hammond's Flycatcher,Empidonax hammondii,26980,25519,0,289
Cocos Booby,Sula brewsteri,23752,22976,0,290
Yellow-chevroned Parakeet,Brotogeris chiriri,23959,21732,0,291
Sage Thrasher,Oreoscoptes montanus,23723,21358,0,292
Western Screech-Owl,Megascops kennicottii,30399,21325,0,293
Red-necked Grebe,Podiceps grisegena,22678,21172,0,294
Common Tern,Sterna hirundo,21836,21020,0,295
Common Ground Dove,Columbina passerina,22277,20512,0,296
Mitred Parakeet,Psittacara mitratus,24505,20482,0,297
Long-tailed Jaeger,Stercorarius longicaudus,20431,20304,0,298
American Dipper,Cinclus mexicanus,23534,20102,0,299
Purple Martin,Progne subis,22236,19814,0,300
Gray Flycatcher,Empidonax wrightii,20862,19516,0,301
Summer Tanager,Piranga rubra,21066,19097,0,302
Red Knot,Calidris canutus,20474,18886,0,303
Tufted Puffin,Fratercula cirrhata,18866,18685,0,304
Scripps's Murrelet,Synthliboramphus scrippsi,18738,18289,0,305
Grasshopper Sparrow,Ammodramus savannarum,19287,17836,0,306
Neotropic Cormorant,Nannopterum brasilianum,19020,17080,0,307
Least Bittern,Botaurus exilis,18163,16829,0,308
Evening Grosbeak,Hesperiphona vespertina,17804,15980,0,309
White-winged Scoter,Melanitta deglandi,16685,15244,0,310
Tropical Kingbird,Tyrannus melancholicus,17002,15048,0,311
Williamson's Sapsucker,Sphyrapicus thyroideus,16098,14633,0,312
Calliope Hummingbird,Selasphorus calliope,16051,14354,0,313
Arctic Tern,Sterna paradisaea,14200,14062,0,314
Black-chinned Sparrow,Spizella atrogularis,14729,13739,0,315
California Condor,Gymnogyps californianus,16476,13594,0,316
Common Poorwill,Phalaenoptilus nuttallii,18981,13148,0,317
Barrow's Goldeneye,Bucephala islandica,14155,13113,0,318
Bank Swallow,Riparia riparia,13903,12859,0,319
Northern Pygmy-Owl,Glaucidium gnoma,14760,12698,0,320
Lesser Nighthawk,Chordeiles acutipennis,16198,12477,0,321
Pectoral Sandpiper,Calidris melanotos,13552,12171,0,322
Nanday Parakeet,Aratinga nenday,13458,12162,0,323
Black-and-white Warbler,Mniotilta varia,13173,12116,0,324
South Polar Skua,Stercorarius maccormicki,12072,11993,0,325
Marbled Murrelet,Brachyramphus marmoratus,11908,11215,0,326
Red-naped Sapsucker,Sphyrapicus nuchalis,11662,10705,0,327
Long-tailed Duck,Clangula hyemalis,11928,10370,0,328
Leach's Storm-Petrel,Hydrobates leucorhous,10429,10321,0,329
Rough-legged Hawk,Buteo lagopus,11558,9995,0,330
Black-legged Kittiwake,Rissa tridactyla,10521,9962,0,331
Craveri's Murrelet,Synthliboramphus craveri,9672,9589,0,332
Common Nighthawk,Chordeiles minor,11986,9534,0,333
Baird's Sandpiper,Calidris bairdii,10635,9507,0,334
Black Scoter,Melanitta americana,10477,9492,0,335
Lilac-crowned Amazon,Amazona finschi,10831,9464,0,336
Swamp Sparrow,Melospiza georgiana,10152,9368,0,337
American Redstart,Setophaga ruticilla,10221,9301,0,338
Sooty Grouse,Dendragapus fuliginosus,11187,9270,0,339
Pinyon Jay,Gymnorhinus cyanocephalus,10867,9247,0,340
Clay-colored Sparrow,Spizella pallida,9975,9190,0,341
Scott's Oriole,Icterus parisorum,9957,9058,0,342
Solitary Sandpiper,Tringa solitaria,9713,8737,0,343
Northern Gannet,Morus bassanus,8702,8419,0,344
Palm Warbler,Setophaga palmarum,9339,8334,0,345
Black Tern,Chlidonias niger,9269,8146,0,346
Tennessee Warbler,Leiothlypis peregrina,8957,8085,0,347
Pacific Golden-Plover,Pluvialis fulva,8937,7791,0,348
Short-eared Owl,Asio flammeus,8853,7394,0,349
Fork-tailed Storm-Petrel,Hydrobates furcatus,7409,7289,0,350
Yellow-headed Amazon,Amazona oratrix,8102,7287,0,351
LeConte's Thrasher,Toxostoma lecontei,8582,7121,0,352
Lucy's Warbler,Leiothlypis luciae,7294,6873,0,353
Plumbeous Vireo,Vireo plumbeus,7494,6857,0,354
Laysan Albatross,Phoebastria immutabilis,6929,6838,0,355
Ancient Murrelet,Synthliboramphus antiquus,7029,6720,0,356
Iceland Gull,Larus glaucoides,7298,6690,0,357
Chestnut-sided Warbler,Setophaga pensylvanica,7427,6689,0,358
Gull-billed Tern,Gelochelidon nilotica,7692,6653,0,359
Northern Red Bishop,Euplectes franciscanus,6932,6517,0,360
Island Scrub-Jay,Aphelocoma insularis,7079,6136,0,361
Northern Saw-whet Owl,Aegolius acadicus,8035,6097,0,362
Sagebrush Sparrow,Artemisiospiza nevadensis,6553,5951,0,363
Black-backed Woodpecker,Picoides arcticus,6699,5924,0,364
Yellow-bellied Sapsucker,Sphyrapicus varius,6745,5895,0,365
Chukar,Alectoris chukar,6727,5871,0,366
Short-tailed Shearwater,Ardenna tenuirostris,5617,5568,0,367
Rose-breasted Grosbeak,Pheucticus ludovicianus,6484,5505,0,368
Northern Parula,Setophaga americana,6170,5501,0,369
Northern Waterthrush,Parkesia noveboracensis,5818,5361,0,370
Cook's Petrel,Pterodroma cookii,5320,5260,0,371
Tricolored Heron,Egretta tricolor,5970,5184,0,372
Indigo Bunting,Passerina cyanea,5606,5114,0,373
Orchard Oriole,Icterus spurius,5744,5099,0,374
Townsend's Storm-Petrel,Hydrobates socorroensis,5089,5039,0,375
Harlequin Duck,Histrionicus histrionicus,5520,4817,0,376
Least Storm-Petrel,Hydrobates microsoma,4913,4812,0,377
Ruff,Calidris pugnax,5188,4501,0,378
Lapland Longspur,Calcarius lapponicus,4950,4484,0,379
Mandarin Duck,Aix galericulata,4930,4470,0,380
Rock Sandpiper,Calidris ptilocnemis,4642,4436,0,381
Mountain Plover,Anarhynchus montanus,5080,4403,0,382
Gila Woodpecker,Melanerpes uropygialis,4670,4372,0,383
Murphy's Petrel,Pterodroma ultima,4361,4296,0,384
Eastern Phoebe,Sayornis phoebe,4737,4292,0,385
Brown-crested Flycatcher,Myiarchus tyrannulus,4372,4183,0,386
Blackpoll Warbler,Setophaga striata,4386,4058,0,387
Franklin's Gull,Leucophaeus pipixcan,4669,4026,0,388
Nazca Booby,Sula granti,4411,4007,0,389
Rose-ringed Parakeet,Psittacula krameri,4451,3957,0,390
Painted Redstart,Myioborus pictus,4504,3876,0,391
Blackburnian Warbler,Setophaga fusca,4319,3855,0,392
Black Swift,Cypseloides niger,4305,3773,0,393
Laughing Gull,Leucophaeus atricilla,4328,3687,0,394
Wilson's Storm-Petrel,Oceanites oceanicus,3643,3636,0,395
Harris's Sparrow,Zonotrichia querula,4049,3620,0,396
Stilt Sandpiper,Calidris himantopus,4185,3608,0,397
Semipalmated Sandpiper,Calidris pusilla,4038,3546,0,398
Inca Dove,Columbina inca,3914,3535,0,399
Magnolia Warbler,Setophaga magnolia,3836,3456,0,400
Gray-crowned Rosy-Finch,Leucosticte tephrocotis,3657,3168,0,401
Glaucous Gull,Larus hyperboreus,3578,3107,0,402
Flesh-footed Shearwater,Ardenna carneipes,3120,3088,0,403
Woodhouse's Scrub-Jay,Aphelocoma woodhouseii,3397,3069,0,404
Red-footed Booby,Sula sula,3679,3057,0,405
Yellow-footed Gull,Larus livens,3335,2922,0,406
Canada Jay,Perisoreus canadensis,3241,2826,0,407
Baltimore Oriole,Icterus galbula,3140,2794,0,408
Tufted Duck,Aythya fuligula,3194,2767,0,409
Zone-tailed Hawk,Buteo albonotatus,3496,2753,0,410
Gray Catbird,Dumetella carolinensis,2954,2612,0,411
Rock Pigeon,Columba livia,2710,2555,0,412
Lesser Black-backed Gull,Larus fuscus,3054,2531,0,413
Crissal Thrasher,Toxostoma crissale,2677,2516,0,414
Ovenbird,Seiurus aurocapilla,2716,2394,0,415
Thick-billed Kingbird,Tyrannus crassirostris,2691,2387,0,416
Pine Grosbeak,Pinicola enucleator,2591,2324,0,417
Orange-cheeked Waxbill,Estrilda melpoda,2425,2273,0,418
Juniper Titmouse,Baeolophus ridgwayi,2503,2268,0,419
American Goshawk,Astur atricapillus,2692,2219,0,420
Red-lored Amazon,Amazona autumnalis,2452,2188,0,421
Bobolink,Dolichonyx oryzivorus,2412,2172,0,422
Black-throated Magpie-Jay,Cyanocorax colliei,2504,2169,0,423
Manx Shearwater,Puffinus puffinus,2188,2151,0,424
Broad-winged Hawk,Buteo platypterus,2527,2082,0,425
Virginia's Warbler,Leiothlypis virginiae,2241,2042,0,426
Guadalupe Murrelet,Synthliboramphus hypoleucus,2039,2022,0,427
Hawaiian Petrel,Pterodroma sandwichensis,2051,2001,0,428
Nelson's Sparrow,Ammospiza nelsoni,2346,1986,0,429
Grace's Warbler,Setophaga graciae,2235,1973,0,430
Black-throated Green Warbler,Setophaga virens,2208,1932,0,431
Prairie Warbler,Setophaga discolor,2119,1930,0,432
Yellow-billed Loon,Gavia adamsii,2321,1928,0,433
Blue-footed Booby,Sula nebouxii,1981,1910,0,434
Red-eyed Vireo,Vireo olivaceus,2193,1910,0,435
Bay-breasted Warbler,Setophaga castanea,2211,1897,0,436
Hooded Warbler,Setophaga citrina,2241,1887,0,437
Scissor-tailed Flycatcher,Tyrannus forficatus,2116,1780,0,438
Black-throated Blue Warbler,Setophaga caerulescens,2102,1769,0,439
Lark Bunting,Calamospiza melanocorys,2045,1768,0,440
Dusky-capped Flycatcher,Myiarchus tuberculifer,2000,1753,0,441
Least Flycatcher,Empidonax minimus,1915,1733,0,442
Prothonotary Warbler,Protonotaria citrea,2047,1716,0,443
Spotted Dove,Spilopelia chinensis,1859,1572,0,444
Red-billed Tropicbird,Phaethon aethereus,1599,1565,0,445
Trumpeter Swan,Cygnus buccinator,1840,1540,0,446
Dickcissel,Spiza americana,1784,1534,0,447
Broad-billed Hummingbird,Cynanthus latirostris,1924,1532,0,448
Painted Bunting,Passerina ciris,1799,1515,0,449
Garganey,Spatula querquedula,1795,1512,0,450
White Wagtail,Motacilla alba,1873,1462,0,451
Canada Warbler,Cardellina canadensis,1671,1456,0,452
Gray Vireo,Vireo vicinior,1546,1438,0,453
Northern Cardinal,Cardinalis cardinalis,1555,1436,0,454
Flammulated Owl,Psiloscops flammeolus,1745,1433,0,455
Eastern Kingbird,Tyrannus tyrannus,1741,1432,0,456
Greater Pewee,Contopus pertinax,1619,1427,0,457
Northern Shrike,Lanius borealis,1658,1420,0,458
Harris's Hawk,Parabuteo unicinctus,1706,1403,0,459
Hepatic Tanager,Piranga flava,1561,1348,0,460
Masked Booby,Sula dactylatra,1479,1329,0,461
Burrowing Parakeet,Cyanoliseus patagonus,1850,1314,0,462
King Eider,Somateria spectabilis,1522,1299,0,463
Snow Bunting,Plectrophenax nivalis,1540,1277,0,464
Red-flanked Bluetail,Tarsiger cyanurus,1434,1262,0,465
Cape May Warbler,Setophaga tigrina,1502,1254,0,466
Red-throated Pipit,Anthus cervinus,1487,1251,0,467
Yellow-green Vireo,Vireo flavoviridis,1395,1233,0,468
Scarlet Tanager,Piranga olivacea,1426,1209,0,469
Chestnut-collared Longspur,Calcarius ornatus,1378,1179,0,470
Rusty Blackbird,Euphagus carolinus,1399,1175,0,471
Bar-tailed Godwit,Limosa lapponica,1350,1130,0,472
Barred Owl,Strix varia,1726,1130,0,473
American Golden-Plover,Pluvialis dominica,1316,1123,0,474
Pine Warbler,Setophaga pinus,1205,1062,0,475
Tundra Bean-Goose,Anser serrirostris,1252,1051,0,476
Brown Thrasher,Toxostoma rufum,1143,1047,0,477
Slate-throated Redstart,Myioborus miniatus,1192,1040,0,478
Winter Wren,Troglodytes hiemalis,1151,1038,0,479
American Flamingo,Phoenicopterus ruber,1249,992,0,480
Little Stint,Calidris minuta,1354,989,0,481
American Oystercatcher,Haematopus palliatus,1139,977,0,482
Buff-breasted Sandpiper,Calidris subruficollis,1161,941,0,483
Greater Sage-Grouse,Centrocercus urophasianus,1167,906,0,484
Bendire's Thrasher,Toxostoma bendirei,1009,903,0,485
Yellow-throated Vireo,Vireo flavifrons,1034,883,0,486
Bronze Mannikin,Spermestes cucullata,929,852,0,487
Curlew Sandpiper,Calidris ferruginea,974,813,0,488
White-eyed Vireo,Vireo griseus,947,798,0,489
Worm-eating Warbler,Helmitheros vermivorum,855,760,0,490
Snowy Owl,Bubo scandiacus,1107,757,0,491
Common Ringed Plover,Charadrius hiaticula,888,748,0,492
European Goldfinch,Carduelis carduelis,810,741,0,493
Emperor Goose,Anser canagicus,939,720,0,494
Thick-billed Longspur,Rhynchophanes mccownii,820,709,0,495
Parakeet Auklet,Aethia psittacula,820,692,0,496
Mexican Duck,Anas diazi,776,687,0,497
Field Sparrow,Spizella pusilla,781,682,0,498
Yellow-throated Warbler,Setophaga dominica,870,669,0,499
Hudsonian Godwit,Limosa haemastica,828,664,0,500
Philadelphia Vireo,Vireo philadelphicus,716,630,0,501
Cassin's Sparrow,Peucaea cassinii,759,629,0,502
Chilean Flamingo,Phoenicopterus chilensis,690,623,0,503
Blue-crowned Parakeet,Thectocercus acuticaudatus,742,612,0,504
American Tree Sparrow,Spizelloides arborea,679,609,0,505
Yellow-billed Cuckoo,Coccyzus americanus,740,603,0,506
Dusky Warbler,Phylloscopus fuscatus,722,602,0,507
Indian Peafowl,Pavo cristatus,693,598,0,508
Swallow-tailed Kite,Elanoides forficatus,723,596,0,509
Mourning Warbler,Geothlypis philadelphia,673,585,0,510
Oriental Turtle-Dove,Streptopelia orientalis,664,577,0,511
Great Crested Flycatcher,Myiarchus crinitus,704,576,0,512
Blue-headed Vireo,Vireo solitarius,695,569,0,513
Black-headed Gull,Chroicocephalus ridibundus,675,562,0,514
Louisiana Waterthrush,Parkesia motacilla,669,552,0,515
Ruffed Grouse,Bonasa umbellus,780,548,0,516
Bronzed Cowbird,Molothrus aeneus,645,545,0,517
Sharp-tailed Sandpiper,Calidris acuminata,682,544,0,518
Red-headed Woodpecker,Melanerpes erythrocephalus,587,516,0,519
Fulvous Whistling-Duck,Dendrocygna bicolor,589,515,0,520
Little Gull,Hydrocoloeus minutus,610,494,0,521
Black Swan,Cygnus atratus,611,488,0,522
Kentucky Warbler,Geothlypis formosa,625,482,0,523
Wood Stork,Mycteria americana,638,472,0,524
Eastern Wood-Pewee,Contopus virens,603,457,0,525
LeConte's Sparrow,Ammospiza leconteii,496,436,0,526
Black Vulture,Coragyps atratus,568,429,0,527
Olive-backed Pipit,Anthus hodgsoni,498,420,0,528
Vega Gull,Larus vegae,501,415,0,529
Red-necked Stint,Calidris ruficollis,497,409,0,530
Broad-tailed Hummingbird,Selasphorus platycercus,516,402,0,531
Monk Parakeet,Myiopsitta monachus,496,396,0,532
Wood Thrush,Hylocichla mustelina,481,389,0,533
Tropical Parula,Setophaga pitiayumi,405,364,0,534
Streak-backed Oriole,Icterus pustulatus,415,360,0,535
Roseate Spoonbill,Platalea ajaja,445,355,0,536
Blue-winged Warbler,Vermivora cyanoptera,429,349,0,537
Slaty-backed Gull,Larus schistisagus,436,346,0,538
Yellow-headed Caracara,Daptrius chimachima,435,343,0,539
Yellow-bellied Flycatcher,Empidonax flaviventris,391,336,0,540
Sulphur-bellied Flycatcher,Myiodynastes luteiventris,396,323,0,541
Willow Warbler,Phylloscopus trochilus,405,323,0,542
Rustic Bunting,Emberiza rustica,383,321,0,543
Wood Sandpiper,Tringa glareola,386,319,0,544
Siberian Sand-Plover,Anarhynchus mongolus,426,314,0,545
Marsh Sandpiper,Tringa stagnatilis,397,312,0,546
White-winged Tern,Chlidonias leucopterus,518,309,0,547
Short-tailed Albatross,Phoebastria albatrus,312,303,0,548
Dark-sided Flycatcher,Muscicapa sibirica,347,294,0,549
Glossy Ibis,Plegadis falcinellus,350,283,0,550
Mexican Whip-poor-will,Antrostomus arizonae,324,280,0,551
Wood Warbler,Phylloscopus sibilatrix,319,269,0,552
Ruby-throated Hummingbird,Archilochus colubris,343,268,0,553
Golden-winged Warbler,Vermivora chrysoptera,351,268,0,554
Sprague's Pipit,Anthus spragueii,279,257,0,555
Wedge-rumped Storm-Petrel,Hydrobates tethys,323,254,0,556
Ruddy Ground Dove,Columbina talpacoti,273,250,0,557
Brambling,Fringilla montifringilla,259,247,0,558
White-winged Parakeet,Brotogeris versicolurus,290,247,0,559
Curve-billed Thrasher,Toxostoma curvirostre,279,236,0,560
Horned Puffin,Fratercula corniculata,247,232,0,561
Magnificent Frigatebird,Fregata magnificens,376,229,0,562
Eastern Yellow Wagtail,Motacilla tschutschensis,278,226,0,563
Mississippi Kite,Ictinia mississippiensis,273,215,0,564
Cave Swallow,Petrochelidon fulva,241,210,0,565
Ross's Gull,Rhodostethia rosea,335,205,0,566
White-rumped Sandpiper,Calidris fuscicollis,257,203,0,567
Common Black Hawk,Buteogallus anthracinus,237,202,0,568
Common Crane,Grus grus,249,199,0,569
Crested Caracara,Caracara plancus,294,199,0,570
Yellow Rail,Coturnicops noveboracensis,216,191,0,571
Common Scoter,Melanitta nigra,238,189,0,572
Rufous-backed Robin,Turdus rufopalliatus,204,182,0,573
Wedge-tailed Shearwater,Ardenna pacifica,181,177,0,574
Groove-billed Ani,Crotophaga sulcirostris,260,177,0,575
Red-faced Warbler,Cardellina rubrifrons,210,176,0,576
Pyrrhuloxia,Cardinalis sinuatus,190,174,0,577
Common Pochard,Aythya ferina,209,164,0,578
Alder Flycatcher,Empidonax alnorum,224,161,0,579
Swallow-tailed Gull,Creagrus furcatus,250,160,0,580
Couch's Kingbird,Tyrannus couchii,175,158,0,581
Gilded Flicker,Colaptes chrysoides,187,157,0,582
Ruddy Shelduck,Tadorna ferruginea,170,152,0,583
Streaked Shearwater,Calonectris leucomelas,142,142,0,584
Purple Gallinule,Porphyrio martinica,211,139,0,585
Blue Jay,Cyanocitta cristata,151,133,0,586
White-tailed Ptarmigan,Lagopus leucura,189,129,0,587
Cockatiel,Nymphicus hollandicus,152,123,0,588
Siberian Pipit,Anthus japonicus,153,123,0,589
Arctic Loon,Gavia arctica,135,118,0,590
Whooper Swan,Cygnus cygnus,135,117,0,591
Bohemian Waxwing,Bombycilla garrulus,135,115,0,592
Gray-cheeked Thrush,Catharus minimus,132,115,0,593
Chimney Swift,Chaetura pelagica,134,111,0,594
Purple Sandpiper,Calidris maritima,135,111,0,595
Zebra Finch,Taeniopygia guttata,129,110,0,596
Common Grackle,Quiscalus quiscula,138,107,0,597
Eurasian Tree Sparrow,Passer montanus,115,104,0,598
Common Eider,Somateria mollissima,130,102,0,599
Black-tailed Gull,Larus crassirostris,163,102,0,600
Common Greenshank,Tringa nebularia,122,101,0,601
Fischer's Lovebird,Agapornis fischeri,113,98,0,602
Budgerigar,Melopsittacus undulatus,132,96,0,603
Graylag Goose,Anser anser,112,95,0,604
Yellow-fronted Canary,Crithagra mozambica,112,95,0,605
Orange-fronted Parakeet,Eupsittula canicularis,102,92,0,606
Piping Plover,Charadrius melodus,110,88,0,607
Eurasian Skylark,Alauda arvensis,97,87,0,608
Violet-crowned Hummingbird,Ramosomyia violiceps,97,84,0,609
Cinnamon-rumped Seedeater,Sporophila torqueola,80,78,0,610
Eastern Meadowlark,Sturnella magna,84,77,0,611
Yellow-crowned Amazon,Amazona ochrocephala,91,77,0,612
Helmeted Guineafowl,Numida meleagris,89,74,0,613
Sedge Wren,Cistothorus stellaris,95,72,0,614
Falcated Duck,Mareca falcata,107,71,0,615
Lesser Flamingo,Phoeniconaias minor,80,70,0,616
Lesser Frigatebird,Fregata ariel,163,66,0,617
White-fronted Amazon,Amazona albifrons,75,61,0,618
Smith's Longspur,Calcarius pictus,65,59,0,619
Tristram's Storm-Petrel,Hydrobates tristrami,59,59,0,620
Kelp Gull,Larus dominicanus,86,58,0,621
Black-bellied Whistling-Duck,Dendrocygna autumnalis,88,58,0,622
Veery,Catharus fuscescens,61,57,0,623
Black-headed Weaver,Ploceus melanocephalus,61,56,0,624
Great Shearwater,Ardenna gravis,55,55,0,625
Northern Wheatear,Oenanthe oenanthe,84,55,0,626
Black-rumped Waxbill,Estrilda troglodytes,57,55,0,627
Cerulean Warbler,Setophaga cerulea,67,54,0,628
Swan Goose,Anser cygnoides,61,53,0,629
Scaly-headed Parrot,Pionus maximiliani,52,52,0,630
Red-cheeked Cordonbleu,Uraeginthus bengalus,55,51,0,631
Cory's Shearwater,Calonectris borealis,49,49,0,632
Rosy-faced Lovebird,Agapornis roseicollis,77,48,0,633
Eurasian Whimbrel,Numenius phaeopus,51,46,0,634
Upland Sandpiper,Bartramia longicauda,49,43,0,635
Yellow-browed Warbler,Phylloscopus inornatus,46,42,0,636
Chiloe Wigeon,Mareca sibilatrix,48,38,0,637
Band-rumped Storm-Petrel,Hydrobates castro,38,38,0,638
Gray Hawk,Buteo plagiatus,62,38,0,639
Indian Silverbill,Euodice malabarica,40,34,0,640
Yellow-crowned Bishop,Euplectes afer,37,32,0,641
Connecticut Warbler,Oporornis agilis,33,31,0,642
Gray-tailed Tattler,Tringa brevipes,48,29,0,643
Chihuahuan Meadowlark,Sturnella lilianae,31,29,0,644
Northern Bobwhite,Colinus virginianus,49,29,0,645
Cassia Crossbill,Loxia sinesciuris,30,27,0,646
Asian Tit,Parus cinereus,31,26,0,647
Turquoise-fronted Amazon,Amazona aestiva,28,26,0,648
Waved Albatross,Phoebastria irrorata,25,25,0,649
Gray Thrasher,Toxostoma cinereum,36,24,0,650
African Collared-Dove,Streptopelia roseogrisea,27,23,0,651
Common Shelduck,Tadorna tadorna,25,23,0,652
Ringed Teal,Callonetta leucophrys,25,23,0,653
Muscovy Duck,Cairina moschata,28,22,0,654
White-chinned Petrel,Procellaria aequinoctialis,20,19,0,655
Sooty Tern,Onychoprion fuscatus,26,18,0,656
Zebra Dove,Geopelia striata,17,17,0,657
Xantus's Hummingbird,Basilinna xantusii,22,17,0,658
Yellow-collared Lovebird,Agapornis personatus,22,16,0,659
Wilson's Plover,Anarhynchus wilsonia,25,16,0,660
Bar-headed Goose,Anser indicus,17,16,0,661
Broad-tailed Paradise-Whydah,Vidua obtusa,17,16,0,662
European Greenfinch,Chloris chloris,15,15,0,663
Bridled Tern,Onychoprion anaethetus,16,14,0,664
Song Thrush,Turdus philomelos,14,14,0,665
Eastern Warbling Vireo,Vireo gilvus,14,14,0,666
Blue-gray Tanager,Thraupis episcopus,15,14,0,667
Crested Auklet,Aethia cristatella,14,14,0,668
Pied Crow,Corvus albus,14,13,0,669
Common Quail,Coturnix coturnix,14,12,0,670
Green Jay,Cyanocorax yncas,14,12,0,671
Venezuelan Troupial,Icterus icterus,14,10,0,672
Red-vented Bulbul,Pycnonotus cafer,10,10,0,673
Golden Pheasant,Chrysolophus pictus,11,9,0,674
Gray Crowned-Crane,Balearica regulorum,12,9,0,675
Japanese Quail,Coturnix japonica,10,8,0,676
Red Junglefowl,Gallus gallus,9,8,0,677
Diamond Dove,Geopelia cuneata,11,8,0,678
Red-billed Firefinch,Lagonosticta senegala,8,7,0,679
Eurasian Kestrel,Falco tinnunculus,21,7,0,680
Black-necked Swan,Cygnus melancoryphus,7,7,0,681
Keel-billed Toucan,Ramphastos sulfuratus,15,6,0,682
Gouldian Finch,Chloebia gouldiae,13,6,0,683
Thick-billed Murre,Uria lomvia,6,6,0,684
White-winged Crossbill,Loxia leucoptera,8,6,0,685
Oriental Greenfinch,Chloris sinica,5,5,0,686
Small-billed Elaenia,Elaenia parvirostris,5,5,0,687
Varied Bunting,Passerina versicolor,18,4,0,688
Blue-black Grassquit,Volatinia jacarina,4,4,0,689
Star Finch,Emblema ruficauda,4,4,0,690
Saffron Finch,Sicalis flaveola,6,4,0,691
Black-winged Bishop,Euplectes hordeaceus,4,4,0,692
Zebra Waxbill,Amandava subflava,5,4,0,693
Red-crested Cardinal,Paroaria coronata,3,3,0,694
Village Weaver,Ploceus cucullatus,4,3,0,695
Laughing Dove,Spilopelia senegalensis,3,3,0,696
Great Frigatebird,Fregata minor,5,3,0,697
Maroon-bellied Parakeet,Pyrrhura frontalis,2,2,0,698
Diamond Firetail,Stagonopleura guttata,3,2,0,699
Cut-throat,Amadina fasciata,3,2,0,700
Red-and-green Macaw,Ara chloropterus,2,2,0,701
Crested Myna,Acridotheres cristatellus,2,2,0,702
Hawfinch,Coccothraustes coccothraustes,2,2,0,703
Emu,Dromaius novaehollandiae,2,2,0,704
Blue Dacnis,Dacnis cayana,3,2,0,705
Crested Duck,Lophonetta specularioides,2,2,0,706
Bourke's Parrot,Neopsephotus bourkii,2,2,0,707
Citrine Wagtail,Motacilla citreola,3,2,0,708
Sulphur-crested Cockatoo,Cacatua galerita,2,2,0,709
Common Myna,Acridotheres tristis,2,2,0,710
Common Waxbill,Estrilda astrild,2,2,0,711
Jouanin's Petrel,Bulweria fallax,4,2,0,712
Lady Amherst's Pheasant,Chrysolophus amherstiae,3,2,0,713
Kermadec Petrel,Pterodroma neglecta,2,2,0,714
Black Francolin,Francolinus francolinus,2,2,0,715
Demoiselle Crane,Grus virgo,1,1,0,716
Scarlet Macaw,Ara macao,4,1,0,717
Epaulet Oriole,Icterus cayanensis,1,1,0,718
Jandaya Parakeet,Aratinga jandaya,1,1,0,719
White-eared Bulbul,Pycnonotus leucotis,1,1,0,720
Elf Owl,Micrathene whitneyi,1,1,0,721
Red-breasted Goose,Branta ruficollis,1,1,0,722
Village Indigobird,Vidua chalybeata,1,1,0,723
Eurasian Wryneck,Jynx torquilla,1,1,0,724
Parrot-billed Seedeater,Sporophila peruviana,1,1,0,725
Gray Peacock-Pheasant,Polyplectron bicalcaratum,1,1,0,726
White-cheeked Pintail,Anas bahamensis,2,1,0,727
Red Avadavat,Amandava amandava,1,1,0,728
Black-billed Cuckoo,Coccyzus erythropthalmus,1,1,0,729
Bristle-thighed Curlew,Numenius tahitiensis,1,1,0,730
Black-capped Parakeet,Pyrrhura rupicola,1,1,0,731
Rainbow Lorikeet,Trichoglossus moluccanus,3,1,0,732
Sudan Golden Sparrow,Passer luteus,1,1,0,733
Common Ostrich,Struthio camelus,1,1,0,734
Chuck-will's-widow,Antrostomus carolinensis,8,1,0,735
Blue-breasted Quail,Synoicus chinensis,1,1,0,736
Red-throated Twinspot,Hypargos niveoguttatus,2,1,0,737
Southern Red Bishop,Euplectes orix,1,1,0,738
Crimson Rosella,Platycercus elegans,2,1,0,739
European Serin,Serinus serinus,1,1,0,740
Pearl Kite,Gampsonyx swainsonii,1,1,0,741
White-throated Magpie-Jay,Cyanocorax formosus,3,1,0,742
Gray Parrot,Psittacus erithacus,1,1,0,743
White-tailed Eagle,Haliaeetus albicilla,2,1,0,744
Silver Pheasant,Lophura nycthemera,1,1,0,745
Speckled Pigeon,Columba guinea,1,1,0,746
Hooded Siskin,Spinus magellanicus,1,1,0,747
Green-winged Pytilia,Pytilia melba,1,1,0,748
Stejneger's Petrel,Pterodroma longirostris,2,0,0,749
Green-cheeked Parakeet,Pyrrhura molinae,1,0,0,750
Siberian Rubythroat,Calliope calliope,1,0,0,751
Reeves's Pheasant,Syrmaticus reevesii,1,0,0,752
Brown Quail,Synoicus ypsilophorus,1,0,0,753
African Firefinch,Lagonosticta rubricata,1,0,0,754
Gray Go-away-bird,Crinifer concolor,2,0,0,755
Island Canary,Serinus canaria,1,0,0,756
Fork-tailed Flycatcher,Tyrannus savana,2,0,0,757
Namaqua Dove,Oena capensis,1,0,0,758
American Woodcock,Scolopax minor,1,0,0,759
Military Macaw,Ara militaris,2,0,0,760
White-rumped Munia,Lonchura striata,1,0,0,761
Chatham Albatross,Thalassarche eremita,1,0,0,762
Buff-breasted Flycatcher,Empidonax fulvifrons,1,0,0,763
Togo Paradise-Whydah,Vidua togoensis,1,0,0,764
Scaled Quail,Callipepla squamata,1,0,0,765
Baikal Teal,Sibirionetta formosa,1,0,0,766
Double-barred Finch,Stizoptera bichenovii,1,0,0,767
Crested Pigeon,Ocyphaps lophotes,1,0,0,768
Red-tailed Tropicbird,Phaethon rubricauda,1,0,0,769
Hyacinth Macaw,Anodorhynchus hyacinthinus,1,0,0,770
Ainley's Storm-Petrel,Hydrobates cheimomnestes,1,0,0,771
Redpoll,Acanthis flammea,1,0,0,772
Spotted Redshank,Tringa erythropus,3,0,0,773
